return_id,order_id,reason,return_date
R0001,O10023,size,2024-10-13
R0002,O10025,size,2024-06-30
R0003,O10036,quality,2024-06-22
R0004,O10065,size,2024-06-24
R0005,O10066,size,2024-10-23
R0006,O10089,size,2024-02-22
R0007,O10102,size,2024-03-17
R0008,O10118,size,2024-10-14
R0009,O10135,size,2024-09-26
R0010,O10151,quality,2024-10-23
R0011,O10184,size,2024-09-06
R0012,O10195,size,2024-06-01
R0013,O10204,quality,2024-02-08
R0014,O10226,size,2024-08-15
R0015,O10227,quality,2024-08-17
R0016,O10228,quality,2024-08-07
R0017,O10239,size,2024-08-20
R0018,O10249,does_not_match_description,2024-02-09
R0019,O10252,size,2024-05-17
R0020,O10307,size,2024-01-19
R0021,O10312,does_not_match_description,2024-09-15
R0022,O10358,size,2024-02-02
R0023,O10366,quality,2024-11-02
R0024,O10385,size,2024-08-26
R0025,O10391,does_not_match_description,2024-02-13
R0026,O10525,size,2024-02-09
R0027,O10530,size,2024-07-11
R0028,O10555,quality,2024-07-26
R0029,O10583,size,2024-01-13
R0030,O10604,quality,2024-07-17
R0031,O10605,size,2024-05-24
R0032,O10608,size,2024-10-30
R0033,O10641,quality,2024-07-05
R0034,O10643,size,2024-04-13
R0035,O10657,quality,2024-09-30
R0036,O10659,quality,2024-10-26
R0037,O10738,does_not_match_description,2024-01-13
R0038,O10745,size,2024-07-21
R0039,O10782,does_not_match_description,2024-02-05
R0040,O10787,size,2024-04-12
R0041,O10819,quality,2024-01-12
R0042,O10828,quality,2024-09-28
R0043,O10834,quality,2024-05-14
R0044,O10836,size,2024-05-15
R0045,O10855,quality,2024-06-14
R0046,O10894,quality,2024-05-03
R0047,O10900,quality,2024-06-07
R0048,O10920,size,2024-10-22
R0049,O10973,quality,2024-05-12
R0050,O11015,size,2024-09-14
R0051,O11067,quality,2024-06-21
R0052,O11102,changed_mind,2024-05-16
R0053,O11168,quality,2024-03-19
R0054,O11210,size,2024-08-11
R0055,O11244,size,2024-05-20
R0056,O11288,size,2024-08-20
R0057,O11293,size,2024-10-04
R0058,O11323,quality,2024-10-15
R0059,O11354,does_not_match_description,2024-05-30
R0060,O11404,does_not_match_description,2024-02-12
R0061,O11438,size,2024-08-02
R0062,O11463,does_not_match_description,2024-02-11
R0063,O11549,size,2024-04-02
R0064,O11554,size,2024-11-02
R0065,O11589,quality,2024-08-05
R0066,O11596,size,2024-11-04
R0067,O11617,does_not_match_description,2024-06-29
R0068,O11626,quality,2024-07-13
R0069,O11635,size,2024-01-09
R0070,O11657,quality,2024-08-05
R0071,O11673,size,2024-04-02
R0072,O11682,quality,2024-07-09
R0073,O11702,quality,2024-03-13
R0074,O11746,quality,2024-10-21
R0075,O11759,size,2024-10-05
R0076,O11818,size,2024-09-18
R0077,O11833,size,2024-05-25
R0078,O11850,quality,2024-10-18
R0079,O11864,changed_mind,2024-09-07
R0080,O11890,size,2024-06-10
R0081,O11898,quality,2024-05-10
R0082,O11994,does_not_match_description,2024-06-29
R0083,O12003,size,2024-08-07
R0084,O12004,quality,2024-09-09
R0085,O12030,does_not_match_description,2024-05-02
R0086,O12034,size,2024-10-22
R0087,O12101,quality,2024-10-15
R0088,O12109,does_not_match_description,2024-05-09
R0089,O12132,does_not_match_description,2024-02-15
R0090,O12138,size,2024-06-10
R0091,O12140,quality,2024-05-09
R0092,O12143,size,2024-06-10
R0093,O12169,size,2024-09-24
R0094,O12177,quality,2024-01-30
R0095,O12186,quality,2024-06-01
R0096,O12210,does_not_match_description,2024-07-30
R0097,O12218,changed_mind,2024-11-02
R0098,O12272,size,2024-08-10
R0099,O12310,quality,2024-10-13
R0100,O12342,quality,2024-05-12
R0101,O12362,size,2024-01-12
R0102,O12388,size,2024-03-06
R0103,O12451,quality,2024-06-18
R0104,O12479,quality,2024-05-12
R0105,O12506,quality,2024-08-28
R0106,O12527,size,2024-04-14
R0107,O12553,does_not_match_description,2024-07-22
R0108,O12564,size,2024-09-30
R0109,O12568,does_not_match_description,2024-04-28
R0110,O12579,size,2024-08-12
R0111,O12584,quality,2024-05-09
R0112,O12622,size,2024-08-10
R0113,O12656,quality,2024-10-12
R0114,O12725,size,2024-05-27
R0115,O12778,quality,2024-09-01
R0116,O12801,does_not_match_description,2024-07-26
R0117,O12859,size,2024-02-07
R0118,O12865,size,2024-10-18
R0119,O12878,size,2024-09-28
R0120,O12880,quality,2024-06-07
R0121,O12893,size,2024-08-10
R0122,O12938,size,2024-09-02
R0123,O12948,size,2024-06-22
R0124,O12949,quality,2024-10-07
R0125,O13010,size,2024-01-10
R0126,O13015,size,2024-10-09
R0127,O13017,does_not_match_description,2024-08-24
R0128,O13018,size,2024-10-28
R0129,O13028,quality,2024-10-30
R0130,O13030,size,2024-10-14
R0131,O13034,quality,2024-01-21
R0132,O13078,size,2024-03-02
R0133,O13092,size,2024-06-20
R0134,O13124,size,2024-04-27
R0135,O13125,changed_mind,2024-03-23
R0136,O13147,changed_mind,2024-05-23
R0137,O13158,size,2024-10-14
R0138,O13180,size,2024-11-04
R0139,O13214,does_not_match_description,2024-03-08
R0140,O13216,size,2024-09-28
R0141,O13240,size,2024-01-12
R0142,O13332,size,2024-02-21
R0143,O13341,size,2024-09-01
R0144,O13393,does_not_match_description,2024-03-12
R0145,O13429,quality,2024-05-04
R0146,O13438,size,2024-05-15
R0147,O13459,size,2024-01-21
R0148,O13488,size,2024-04-18
R0149,O13524,size,2024-06-15
R0150,O13541,quality,2024-10-02
R0151,O13564,does_not_match_description,2024-09-12
R0152,O13591,quality,2024-07-08
R0153,O13616,quality,2024-06-05
R0154,O13631,size,2024-03-01
R0155,O13635,size,2024-05-13
R0156,O13644,size,2024-02-21
R0157,O13646,size,2024-08-23
R0158,O13768,quality,2024-08-12
R0159,O13806,does_not_match_description,2024-02-23
R0160,O13848,size,2024-06-16
R0161,O13892,changed_mind,2024-07-01
R0162,O13924,size,2024-01-22
R0163,O13937,quality,2024-07-11
R0164,O13978,size,2024-02-07
R0165,O13996,size,2024-01-30
R0166,O14001,size,2024-08-21
R0167,O14004,size,2024-07-08
R0168,O14027,quality,2024-03-17
R0169,O14047,size,2024-05-10
R0170,O14050,quality,2024-08-06
R0171,O14059,quality,2024-10-22
R0172,O14070,does_not_match_description,2024-08-04
R0173,O14089,quality,2024-08-14
R0174,O14090,quality,2024-04-30
R0175,O14101,quality,2024-04-25
R0176,O14107,size,2024-07-14
R0177,O14121,quality,2024-07-02
R0178,O14131,size,2024-03-07
R0179,O14133,size,2024-05-23
R0180,O14168,size,2024-05-02
R0181,O14185,size,2024-10-27
R0182,O14210,does_not_match_description,2024-07-08
R0183,O14211,quality,2024-10-30
R0184,O14261,quality,2024-10-05
R0185,O14303,size,2024-05-18
R0186,O14326,size,2024-01-29
R0187,O14331,size,2024-03-29
R0188,O14346,changed_mind,2024-01-20
R0189,O14374,size,2024-11-05
R0190,O14417,changed_mind,2024-05-08
R0191,O14437,does_not_match_description,2024-11-04
R0192,O14441,size,2024-05-24
R0193,O14457,size,2024-08-14
R0194,O14516,size,2024-05-09
R0195,O14571,quality,2024-02-26
R0196,O14579,quality,2024-09-12
R0197,O14605,size,2024-03-28
R0198,O14616,size,2024-09-15
R0199,O14622,quality,2024-02-04
R0200,O14624,does_not_match_description,2024-04-15
R0201,O14627,quality,2024-04-10
R0202,O14658,size,2024-06-18
R0203,O14666,quality,2024-06-04
R0204,O14694,size,2024-08-12
R0205,O14704,does_not_match_description,2024-08-06
R0206,O14737,changed_mind,2024-02-13
R0207,O14738,does_not_match_description,2024-07-02
R0208,O14787,size,2024-06-24
R0209,O14795,size,2024-03-01
R0210,O14810,size,2024-03-03
R0211,O14831,size,2024-08-15
R0212,O14856,quality,2024-02-02
R0213,O14886,size,2024-01-14
R0214,O14888,size,2024-02-25
R0215,O14927,quality,2024-01-28
R0216,O14944,size,2024-10-07
R0217,O14961,size,2024-06-24
R0218,O14982,size,2024-01-12
R0219,O14985,does_not_match_description,2024-08-27
R0220,O14986,quality,2024-07-31
R0221,O15030,size,2024-10-23
R0222,O15056,quality,2024-08-30
R0223,O15073,size,2024-01-18
R0224,O15084,size,2024-09-28
R0225,O15129,size,2024-08-15
R0226,O15135,size,2024-08-19
R0227,O15139,quality,2024-05-11
R0228,O15169,size,2024-10-17
R0229,O15192,size,2024-08-23
R0230,O15208,size,2024-07-25
R0231,O15225,quality,2024-08-30
R0232,O15251,size,2024-08-05
R0233,O15267,size,2024-08-30
R0234,O15271,changed_mind,2024-02-05
R0235,O15276,quality,2024-01-05
R0236,O15288,quality,2024-04-16
R0237,O15290,does_not_match_description,2024-02-20
R0238,O15294,quality,2024-03-17
R0239,O15312,size,2024-02-29
R0240,O15316,quality,2024-10-30
R0241,O15337,size,2024-09-15
R0242,O15342,size,2024-01-26
R0243,O15351,does_not_match_description,2024-06-02
R0244,O15375,size,2024-01-29
R0245,O15434,size,2024-03-17
R0246,O15462,quality,2024-05-10
R0247,O15478,quality,2024-10-17
R0248,O15509,does_not_match_description,2024-10-31
R0249,O15559,quality,2024-04-06
R0250,O15619,size,2024-09-27
R0251,O15625,quality,2024-07-23
R0252,O15653,size,2024-06-30
R0253,O15658,size,2024-06-30
R0254,O15711,does_not_match_description,2024-01-08
R0255,O15749,size,2024-10-31
R0256,O15800,size,2024-10-04
R0257,O15824,size,2024-04-01
R0258,O15836,size,2024-10-05
R0259,O15865,size,2024-05-07
R0260,O15866,size,2024-07-25
R0261,O15890,size,2024-05-28
R0262,O15899,quality,2024-10-08
R0263,O15904,size,2024-06-04
R0264,O15921,does_not_match_description,2024-04-14
R0265,O15955,does_not_match_description,2024-07-11
R0266,O16001,does_not_match_description,2024-01-19
R0267,O16002,quality,2024-06-25
R0268,O16003,quality,2024-03-04
R0269,O16005,quality,2024-05-15
R0270,O16010,size,2024-10-01
R0271,O16015,size,2024-01-18
R0272,O16044,size,2024-03-15
R0273,O16081,size,2024-09-14
R0274,O16099,size,2024-05-22
R0275,O16113,size,2024-09-14
R0276,O16120,size,2024-07-24
R0277,O16147,size,2024-04-13
R0278,O16159,size,2024-09-18
R0279,O16167,size,2024-04-04
R0280,O16181,size,2024-08-03
R0281,O16194,quality,2024-09-19
R0282,O16234,size,2024-05-04
R0283,O16288,quality,2024-10-08
R0284,O16315,does_not_match_description,2024-03-06
R0285,O16377,size,2024-05-13
R0286,O16391,size,2024-10-25
R0287,O16399,size,2024-10-14
R0288,O16410,size,2024-04-12
R0289,O16413,size,2024-07-02
R0290,O16421,does_not_match_description,2024-05-30
R0291,O16435,size,2024-03-20
R0292,O16467,quality,2024-04-22
R0293,O16477,size,2024-10-20
R0294,O16537,size,2024-03-10
R0295,O16561,size,2024-08-09
R0296,O16615,size,2024-05-11
R0297,O16658,quality,2024-09-20
R0298,O16694,size,2024-04-15
R0299,O16706,size,2024-05-07
R0300,O16714,size,2024-01-10
R0301,O16755,size,2024-05-06
R0302,O16769,quality,2024-07-05
R0303,O16796,size,2024-06-03
R0304,O16823,does_not_match_description,2024-01-20
R0305,O16866,size,2024-06-08
R0306,O16884,does_not_match_description,2024-06-26
R0307,O16885,quality,2024-07-12
R0308,O16909,quality,2024-02-05
R0309,O16911,quality,2024-08-15
R0310,O16920,size,2024-01-28
R0311,O16925,quality,2024-03-05
R0312,O16935,size,2024-05-29
R0313,O16943,size,2024-10-28
R0314,O16971,size,2024-07-04
R0315,O17011,size,2024-02-27
R0316,O17015,size,2024-05-18
R0317,O17017,size,2024-03-01
R0318,O17018,quality,2024-05-08
R0319,O17039,size,2024-05-31
R0320,O17064,quality,2024-07-11
R0321,O17083,size,2024-07-04
R0322,O17104,quality,2024-03-13
R0323,O17129,size,2024-04-07
R0324,O17170,quality,2024-04-22
R0325,O17193,size,2024-01-15
R0326,O17195,size,2024-07-23
R0327,O17214,does_not_match_description,2024-08-13
R0328,O17219,size,2024-02-06
R0329,O17222,size,2024-10-01
R0330,O17227,size,2024-07-07
R0331,O17235,size,2024-05-30
R0332,O17243,size,2024-03-05
R0333,O17251,quality,2024-06-12
R0334,O17261,size,2024-03-23
R0335,O17275,size,2024-01-15
R0336,O17312,size,2024-11-06
R0337,O17331,size,2024-10-01
R0338,O17337,size,2024-05-12
R0339,O17369,size,2024-06-11
R0340,O17378,quality,2024-09-02
R0341,O17382,size,2024-01-02
R0342,O17390,quality,2024-08-16
R0343,O17396,quality,2024-08-30
R0344,O17397,does_not_match_description,2024-04-08
R0345,O17433,size,2024-02-27
R0346,O17435,quality,2024-01-27
R0347,O17443,size,2024-08-09
R0348,O17480,size,2024-08-05
R0349,O17484,size,2024-10-13
R0350,O17491,size,2024-10-23
R0351,O17501,quality,2024-02-06
R0352,O17523,quality,2024-02-28
R0353,O17530,quality,2024-05-20
R0354,O17556,size,2024-04-23
R0355,O17557,size,2024-02-11
R0356,O17570,size,2024-04-25
R0357,O17583,size,2024-03-23
R0358,O17584,does_not_match_description,2024-09-13
R0359,O17605,quality,2024-10-24
R0360,O17636,size,2024-10-10
R0361,O17703,size,2024-04-21
R0362,O17738,size,2024-06-04
R0363,O17752,does_not_match_description,2024-08-31
R0364,O17760,size,2024-06-07
R0365,O17768,quality,2024-08-24
R0366,O17770,changed_mind,2024-08-05
R0367,O17773,size,2024-01-20
R0368,O17787,quality,2024-06-15
R0369,O17821,does_not_match_description,2024-10-02
R0370,O17823,does_not_match_description,2024-10-10
R0371,O17930,quality,2024-07-16
R0372,O17965,size,2024-04-18
R0373,O17980,quality,2024-09-15
R0374,O18014,size,2024-04-14
R0375,O18042,size,2024-03-29
R0376,O18062,size,2024-04-12
R0377,O18066,does_not_match_description,2024-03-02
R0378,O18068,does_not_match_description,2024-06-10
R0379,O18074,size,2024-02-14
R0380,O18075,size,2024-10-01
R0381,O18091,size,2024-10-22
R0382,O18155,size,2024-08-18
R0383,O18167,size,2024-09-13
R0384,O18187,quality,2024-05-12
R0385,O18254,does_not_match_description,2024-04-04
R0386,O18269,size,2024-03-02
R0387,O18281,size,2024-11-02
R0388,O18315,size,2024-08-13
R0389,O18325,size,2024-10-25
R0390,O18348,size,2024-08-28
R0391,O18407,does_not_match_description,2024-09-28
R0392,O18410,size,2024-07-06
R0393,O18422,size,2024-03-05
R0394,O18458,does_not_match_description,2024-05-22
R0395,O18461,quality,2024-05-26
R0396,O18512,size,2024-03-15
R0397,O18520,quality,2024-01-06
R0398,O18528,size,2024-08-19
R0399,O18552,size,2024-11-01
R0400,O18576,size,2024-09-22
R0401,O18583,size,2024-09-01
R0402,O18590,size,2024-09-28
R0403,O18595,does_not_match_description,2024-08-21
R0404,O18602,does_not_match_description,2024-06-25
R0405,O18657,quality,2024-05-31
R0406,O18740,size,2024-02-24
R0407,O18759,size,2024-03-03
R0408,O18763,size,2024-07-16
R0409,O18794,size,2024-10-30
R0410,O18806,does_not_match_description,2024-08-30
R0411,O18812,quality,2024-06-24
R0412,O18866,quality,2024-06-03
R0413,O18903,does_not_match_description,2024-08-02
R0414,O18912,size,2024-10-08
R0415,O19032,size,2024-04-16
R0416,O19035,size,2024-09-30
R0417,O19061,size,2024-09-09
R0418,O19071,quality,2024-05-11
R0419,O19078,quality,2024-03-08
R0420,O19117,does_not_match_description,2024-03-16
R0421,O19127,size,2024-08-22
R0422,O19138,does_not_match_description,2024-10-03
R0423,O19141,size,2024-04-05
R0424,O19154,size,2024-06-22
R0425,O19156,does_not_match_description,2024-04-06
R0426,O19164,size,2024-09-30
R0427,O19186,size,2024-08-04
R0428,O19189,quality,2024-09-03
R0429,O19234,quality,2024-09-18
R0430,O19246,size,2024-09-24
R0431,O19251,quality,2024-05-08
R0432,O19282,size,2024-01-18
R0433,O19306,size,2024-08-15
R0434,O19373,size,2024-06-22
R0435,O19380,size,2024-02-25
R0436,O19425,size,2024-08-07
R0437,O19441,size,2024-07-15
R0438,O19444,size,2024-06-29
R0439,O19462,size,2024-07-14
R0440,O19517,size,2024-04-24
R0441,O19542,size,2024-05-14
R0442,O19549,changed_mind,2024-01-07
R0443,O19556,does_not_match_description,2024-05-14
R0444,O19584,size,2024-01-12
R0445,O19594,size,2024-04-30
R0446,O19598,size,2024-08-23
R0447,O19613,quality,2024-04-04
R0448,O19642,size,2024-01-13
R0449,O19655,size,2024-02-07
R0450,O19661,size,2024-06-18
R0451,O19662,size,2024-10-03
R0452,O19697,size,2024-06-13
R0453,O19707,quality,2024-04-30
R0454,O19737,quality,2024-06-12
R0455,O19751,size,2024-07-02
R0456,O19757,size,2024-04-08
R0457,O19760,size,2024-07-28
R0458,O19779,quality,2024-04-19
R0459,O19793,size,2024-05-31
R0460,O19800,size,2024-07-20
R0461,O19810,size,2024-10-21
R0462,O19849,does_not_match_description,2024-01-10
R0463,O19850,does_not_match_description,2024-02-12
R0464,O19900,does_not_match_description,2024-10-29
R0465,O19903,size,2024-05-29
R0466,O19920,quality,2024-01-11
R0467,O19932,size,2024-10-05
R0468,O19996,size,2024-01-11
R0469,O19997,quality,2024-08-03
R0470,O20005,changed_mind,2024-02-09
R0471,O20008,quality,2024-03-05
R0472,O20071,size,2024-04-12
R0473,O20076,size,2024-05-17
R0474,O20089,quality,2024-01-09
R0475,O20133,size,2024-10-21
R0476,O20141,quality,2024-04-17
R0477,O20174,size,2024-03-05
R0478,O20178,size,2024-04-11
R0479,O20214,size,2024-10-10
R0480,O20241,size,2024-01-20
R0481,O20243,does_not_match_description,2024-08-23
R0482,O20253,size,2024-10-21
R0483,O20300,size,2024-07-02
R0484,O20310,size,2024-02-26
R0485,O20313,size,2024-04-25
R0486,O20317,size,2024-05-10
R0487,O20333,quality,2024-09-08
R0488,O20351,does_not_match_description,2024-10-08
R0489,O20363,does_not_match_description,2024-06-29
R0490,O20443,size,2024-09-12
R0491,O20481,changed_mind,2024-05-09
R0492,O20486,size,2024-05-19
R0493,O20493,size,2024-08-26
R0494,O20527,size,2024-02-06
R0495,O20528,size,2024-06-02
R0496,O20557,does_not_match_description,2024-10-23
R0497,O20580,size,2024-08-31
R0498,O20598,quality,2024-01-29
R0499,O20610,changed_mind,2024-08-04
R0500,O20613,size,2024-05-04
R0501,O20630,size,2024-06-06
R0502,O20644,size,2024-06-01
R0503,O20676,size,2024-02-22
R0504,O20700,size,2024-03-14
R0505,O20710,size,2024-06-22
R0506,O20730,does_not_match_description,2024-06-24
R0507,O20770,size,2024-08-13
R0508,O20800,quality,2024-05-06
R0509,O20803,size,2024-03-02
R0510,O20808,changed_mind,2024-03-27
R0511,O20811,size,2024-07-12
R0512,O20836,size,2024-01-08
R0513,O20843,size,2024-02-22
R0514,O20868,quality,2024-04-22
R0515,O20869,size,2024-08-30
R0516,O20872,size,2024-04-24
R0517,O20883,does_not_match_description,2024-02-11
R0518,O20891,size,2024-10-16
R0519,O20896,does_not_match_description,2024-09-16
R0520,O20912,quality,2024-10-16
R0521,O20970,size,2024-06-17
R0522,O20991,size,2024-09-13
R0523,O20995,does_not_match_description,2024-04-27
R0524,O21020,quality,2024-04-11
R0525,O21034,quality,2024-01-13
R0526,O21038,size,2024-10-23
R0527,O21055,quality,2024-02-05
R0528,O21079,size,2024-07-02
R0529,O21107,size,2024-02-01
R0530,O21114,size,2024-10-03
R0531,O21123,size,2024-08-03
R0532,O21132,quality,2024-03-04
R0533,O21181,size,2024-09-13
R0534,O21194,size,2024-01-22
R0535,O21241,does_not_match_description,2024-08-23
R0536,O21265,does_not_match_description,2024-06-22
R0537,O21314,size,2024-06-06
R0538,O21323,size,2024-08-02
R0539,O21353,quality,2024-04-17
R0540,O21355,does_not_match_description,2024-06-25
R0541,O21357,does_not_match_description,2024-03-01
R0542,O21359,quality,2024-02-19
R0543,O21360,size,2024-05-29
R0544,O21364,size,2024-04-06
R0545,O21388,size,2024-08-06
R0546,O21399,size,2024-03-21
R0547,O21405,size,2024-03-31
R0548,O21443,does_not_match_description,2024-04-30
R0549,O21461,does_not_match_description,2024-06-05
R0550,O21494,size,2024-08-10
R0551,O21513,quality,2024-02-04
R0552,O21537,does_not_match_description,2024-04-16
R0553,O21539,size,2024-07-15
R0554,O21585,quality,2024-09-10
R0555,O21595,size,2024-09-15
R0556,O21601,does_not_match_description,2024-02-25
R0557,O21617,does_not_match_description,2024-03-30
R0558,O21636,does_not_match_description,2024-09-17
R0559,O21668,size,2024-07-08
R0560,O21673,size,2024-07-04
R0561,O21690,quality,2024-09-29
R0562,O21702,size,2024-06-11
R0563,O21742,size,2024-10-29
R0564,O21766,size,2024-07-03
R0565,O21774,size,2024-03-04
R0566,O21782,changed_mind,2024-07-20
R0567,O21795,size,2024-03-14
R0568,O21798,size,2024-03-11
R0569,O21823,quality,2024-10-20
R0570,O21842,size,2024-03-13
R0571,O21853,quality,2024-05-11
R0572,O21856,size,2024-08-29
R0573,O21894,size,2024-03-19
R0574,O21901,quality,2024-07-11
R0575,O21924,size,2024-05-29
R0576,O21954,size,2024-01-20
R0577,O21974,quality,2024-03-30
R0578,O22010,size,2024-06-19
R0579,O22047,changed_mind,2024-07-30
R0580,O22051,does_not_match_description,2024-07-21
R0581,O22077,does_not_match_description,2024-05-01
R0582,O22085,size,2024-04-01
R0583,O22118,size,2024-10-11
R0584,O22121,does_not_match_description,2024-08-06
R0585,O22125,changed_mind,2024-05-16
R0586,O22131,changed_mind,2024-10-24
R0587,O22174,size,2024-02-10
R0588,O22187,size,2024-02-28
R0589,O22203,size,2024-04-11
R0590,O22212,does_not_match_description,2024-01-26
R0591,O22221,quality,2024-02-29
R0592,O22229,quality,2024-08-12
R0593,O22232,size,2024-01-29
R0594,O22233,quality,2024-10-12
R0595,O22279,changed_mind,2024-04-26
R0596,O22344,does_not_match_description,2024-06-17
R0597,O22361,size,2024-03-07
R0598,O22421,size,2024-02-08
R0599,O22422,changed_mind,2024-01-13
R0600,O22428,changed_mind,2024-04-27
R0601,O22452,size,2024-01-12
R0602,O22456,size,2024-01-24
R0603,O22543,size,2024-02-29
R0604,O22548,size,2024-08-15
R0605,O22593,size,2024-06-17
R0606,O22600,size,2024-03-18
R0607,O22631,quality,2024-03-12
R0608,O22634,quality,2024-06-06
R0609,O22656,size,2024-04-16
R0610,O22663,quality,2024-05-14
R0611,O22720,size,2024-04-11
R0612,O22738,size,2024-09-13
R0613,O22748,size,2024-02-27
R0614,O22804,size,2024-08-24
R0615,O22811,size,2024-05-19
R0616,O22817,quality,2024-10-18
R0617,O22838,size,2024-06-25
R0618,O22844,size,2024-01-30
R0619,O22855,size,2024-03-06
R0620,O22863,size,2024-03-28
R0621,O22872,size,2024-03-23
R0622,O22931,quality,2024-02-28
R0623,O22940,does_not_match_description,2024-03-09
R0624,O23020,does_not_match_description,2024-04-04
R0625,O23034,size,2024-05-01
R0626,O23040,does_not_match_description,2024-08-15
R0627,O23084,quality,2024-01-27
R0628,O23088,does_not_match_description,2024-09-20
R0629,O23173,does_not_match_description,2024-09-14
R0630,O23178,size,2024-09-23
R0631,O23188,size,2024-10-18
R0632,O23190,size,2024-03-16
R0633,O23199,size,2024-07-21
R0634,O23200,changed_mind,2024-04-10
R0635,O23231,quality,2024-04-23
R0636,O23234,changed_mind,2024-07-22
R0637,O23257,changed_mind,2024-10-03
R0638,O23283,size,2024-03-25
R0639,O23292,quality,2024-06-23
R0640,O23312,size,2024-08-18
R0641,O23333,size,2024-06-26
R0642,O23348,does_not_match_description,2024-10-02
R0643,O23357,quality,2024-06-22
R0644,O23374,size,2024-07-08
R0645,O23378,size,2024-02-10
R0646,O23392,size,2024-04-04
R0647,O23411,size,2024-10-12
R0648,O23414,size,2024-10-03
R0649,O23425,size,2024-01-22
R0650,O23437,quality,2024-01-11
R0651,O23479,size,2024-02-28
R0652,O23509,size,2024-03-12
R0653,O23516,quality,2024-09-28
R0654,O23520,quality,2024-01-27
R0655,O23530,size,2024-10-01
R0656,O23587,size,2024-05-30
R0657,O23594,size,2024-03-08
R0658,O23617,size,2024-06-04
R0659,O23639,quality,2024-01-24
R0660,O23647,quality,2024-10-12
R0661,O23693,size,2024-05-12
R0662,O23701,quality,2024-08-07
R0663,O23712,size,2024-05-14
R0664,O23750,quality,2024-02-16
R0665,O23757,size,2024-04-17
R0666,O23763,size,2024-09-27
R0667,O23779,size,2024-09-15
R0668,O23785,size,2024-01-12
R0669,O23794,does_not_match_description,2024-06-24
R0670,O23802,does_not_match_description,2024-03-12
R0671,O23906,quality,2024-09-19
R0672,O23915,size,2024-05-29
R0673,O23935,quality,2024-09-25
R0674,O23943,does_not_match_description,2024-10-02
R0675,O23946,changed_mind,2024-01-23
R0676,O23965,quality,2024-01-30
R0677,O23980,size,2024-06-23
R0678,O24080,quality,2024-08-21
R0679,O24081,size,2024-02-17
R0680,O24092,size,2024-05-05
R0681,O24113,size,2024-07-11
R0682,O24119,quality,2024-01-05
R0683,O24145,quality,2024-08-15
R0684,O24170,quality,2024-10-21
R0685,O24187,size,2024-04-15
R0686,O24197,size,2024-01-10
R0687,O24202,quality,2024-07-12
R0688,O24204,size,2024-10-29
R0689,O24215,size,2024-07-28
R0690,O24225,size,2024-10-22
R0691,O24226,size,2024-02-08
R0692,O24254,quality,2024-05-19
R0693,O24304,size,2024-05-26
R0694,O24309,size,2024-10-19
R0695,O24318,size,2024-05-16
R0696,O24319,quality,2024-08-05
R0697,O24340,size,2024-09-23
R0698,O24396,does_not_match_description,2024-03-30
R0699,O24493,size,2024-08-12
R0700,O24524,size,2024-03-05
R0701,O24547,size,2024-08-10
R0702,O24548,does_not_match_description,2024-01-24
R0703,O24583,size,2024-04-15
R0704,O24595,size,2024-10-31
R0705,O24597,does_not_match_description,2024-04-01
R0706,O24612,quality,2024-03-22
R0707,O24691,size,2024-05-27
R0708,O24711,quality,2024-10-05
R0709,O24717,size,2024-07-21
R0710,O24739,size,2024-06-29
R0711,O24770,quality,2024-05-29
R0712,O24823,quality,2024-03-22
R0713,O24841,quality,2024-01-16
R0714,O24855,size,2024-07-25
R0715,O24876,quality,2024-10-13
R0716,O24893,size,2024-07-01
R0717,O24903,size,2024-03-07
R0718,O24919,size,2024-04-02
R0719,O24934,size,2024-05-25
R0720,O24944,quality,2024-04-08
R0721,O24966,does_not_match_description,2024-10-02
R0722,O24972,does_not_match_description,2024-04-08
R0723,O25001,changed_mind,2024-08-07
R0724,O25018,does_not_match_description,2024-09-29
R0725,O25023,size,2024-06-21
R0726,O25115,size,2024-04-28
R0727,O25117,size,2024-07-02
R0728,O25125,does_not_match_description,2024-01-28
R0729,O25129,size,2024-07-23
R0730,O25173,changed_mind,2024-08-24
R0731,O25193,size,2024-02-13
R0732,O25197,size,2024-06-26
R0733,O25242,size,2024-01-28
R0734,O25287,does_not_match_description,2024-08-01
R0735,O25299,does_not_match_description,2024-06-18
R0736,O25324,size,2024-08-20
R0737,O25331,changed_mind,2024-04-21
R0738,O25358,size,2024-07-29
R0739,O25391,does_not_match_description,2024-05-27
R0740,O25393,size,2024-10-20
R0741,O25400,size,2024-05-30
R0742,O25425,size,2024-09-07
R0743,O25437,quality,2024-02-15
R0744,O25475,size,2024-04-28
R0745,O25499,size,2024-01-15
R0746,O25503,changed_mind,2024-10-17
R0747,O25563,size,2024-05-11
R0748,O25575,quality,2024-06-01
R0749,O25609,does_not_match_description,2024-06-25
R0750,O25646,size,2024-10-27
R0751,O25649,does_not_match_description,2024-02-17
R0752,O25650,size,2024-05-03
R0753,O25653,size,2024-10-01
R0754,O25656,quality,2024-04-03
R0755,O25661,size,2024-03-03
R0756,O25670,quality,2024-06-18
R0757,O25688,does_not_match_description,2024-09-18
R0758,O25705,does_not_match_description,2024-09-06
R0759,O25765,quality,2024-10-25
R0760,O25787,quality,2024-09-11
R0761,O25794,does_not_match_description,2024-07-11
R0762,O25844,size,2024-08-28
R0763,O25855,quality,2024-02-26
R0764,O25915,size,2024-01-30
R0765,O25927,size,2024-10-05
R0766,O25949,size,2024-05-25
R0767,O25950,does_not_match_description,2024-06-29
R0768,O25967,size,2024-10-01
R0769,O26038,size,2024-01-21
R0770,O26083,size,2024-07-09
R0771,O26134,size,2024-09-09
R0772,O26144,size,2024-10-26
R0773,O26152,quality,2024-09-04
R0774,O26193,quality,2024-06-16
R0775,O26201,changed_mind,2024-02-04
R0776,O26225,changed_mind,2024-07-04
R0777,O26268,changed_mind,2024-07-14
R0778,O26270,size,2024-03-09
R0779,O26291,size,2024-07-12
R0780,O26323,quality,2024-05-06
R0781,O26327,does_not_match_description,2024-11-01
R0782,O26349,size,2024-03-21
R0783,O26350,does_not_match_description,2024-04-18
R0784,O26376,size,2024-01-07
R0785,O26382,size,2024-01-25
R0786,O26423,does_not_match_description,2024-10-12
R0787,O26441,does_not_match_description,2024-09-09
R0788,O26459,quality,2024-05-22
R0789,O26464,does_not_match_description,2024-01-18
R0790,O26505,changed_mind,2024-03-17
R0791,O26541,size,2024-06-19
R0792,O26583,size,2024-11-01
R0793,O26585,does_not_match_description,2024-08-08
R0794,O26592,quality,2024-04-03
R0795,O26595,quality,2024-10-05
R0796,O26642,size,2024-06-20
R0797,O26693,quality,2024-09-10
R0798,O26722,quality,2024-05-26
R0799,O26752,size,2024-02-22
R0800,O26759,does_not_match_description,2024-02-12
R0801,O26764,size,2024-02-27
R0802,O26784,quality,2024-05-09
R0803,O26824,changed_mind,2024-06-14
R0804,O26871,size,2024-05-11
R0805,O26911,quality,2024-09-12
R0806,O26915,size,2024-10-02
R0807,O26968,size,2024-09-19
R0808,O26970,size,2024-07-04
R0809,O26994,changed_mind,2024-10-05
R0810,O26997,size,2024-05-17
R0811,O27031,size,2024-01-15
R0812,O27063,changed_mind,2024-04-03
R0813,O27070,size,2024-02-14
R0814,O27087,size,2024-07-14
R0815,O27091,size,2024-03-04
R0816,O27107,size,2024-09-25
R0817,O27129,size,2024-09-14
R0818,O27130,quality,2024-07-18
R0819,O27144,size,2024-05-30
R0820,O27157,size,2024-09-25
R0821,O27168,size,2024-01-22
R0822,O27197,size,2024-07-23
R0823,O27243,size,2024-07-31
R0824,O27272,changed_mind,2024-08-25
R0825,O27296,size,2024-06-21
R0826,O27298,size,2024-06-13
R0827,O27302,size,2024-01-15
R0828,O27312,changed_mind,2024-05-29
R0829,O27338,size,2024-07-29
R0830,O27375,size,2024-04-17
R0831,O27396,size,2024-05-15
R0832,O27405,changed_mind,2024-08-15
R0833,O27416,quality,2024-10-19
R0834,O27442,size,2024-03-27
R0835,O27461,does_not_match_description,2024-05-24
R0836,O27464,size,2024-01-23
R0837,O27468,does_not_match_description,2024-08-01
R0838,O27483,size,2024-07-10
R0839,O27487,size,2024-06-12
R0840,O27509,does_not_match_description,2024-06-07
R0841,O27586,size,2024-08-31
R0842,O27696,size,2024-05-22
R0843,O27706,size,2024-02-20
R0844,O27728,size,2024-01-26
R0845,O27761,quality,2024-07-07
R0846,O27781,does_not_match_description,2024-08-01
R0847,O27789,quality,2024-08-06
R0848,O27802,changed_mind,2024-08-21
R0849,O27825,quality,2024-10-14
R0850,O27827,does_not_match_description,2024-03-28
R0851,O27872,size,2024-09-17
R0852,O27884,does_not_match_description,2024-01-24
R0853,O27885,quality,2024-04-23
R0854,O27888,quality,2024-05-27
R0855,O27895,does_not_match_description,2024-08-28
R0856,O27898,quality,2024-08-27
R0857,O27980,size,2024-09-24
R0858,O27997,quality,2024-06-06
R0859,O28007,size,2024-03-12
R0860,O28020,size,2024-09-13
R0861,O28023,quality,2024-08-05
R0862,O28026,size,2024-06-02
R0863,O28045,size,2024-01-21
R0864,O28049,size,2024-03-19
R0865,O28084,quality,2024-02-17
R0866,O28100,quality,2024-10-19
R0867,O28134,does_not_match_description,2024-04-14
R0868,O28161,size,2024-08-02
R0869,O28194,size,2024-02-18
R0870,O28215,size,2024-09-04
R0871,O28220,quality,2024-08-23
R0872,O28221,size,2024-08-10
R0873,O28252,size,2024-10-23
R0874,O28259,size,2024-05-26
R0875,O28269,quality,2024-04-16
R0876,O28270,size,2024-04-28
R0877,O28275,does_not_match_description,2024-03-16
R0878,O28276,size,2024-04-06
R0879,O28283,size,2024-04-17
R0880,O28322,does_not_match_description,2024-02-14
R0881,O28333,size,2024-08-21
R0882,O28340,quality,2024-04-19
R0883,O28341,does_not_match_description,2024-02-20
R0884,O28352,size,2024-07-22
R0885,O28360,quality,2024-09-07
R0886,O28451,changed_mind,2024-10-10
R0887,O28459,size,2024-02-23
R0888,O28467,size,2024-07-14
R0889,O28600,size,2024-02-12
R0890,O28615,changed_mind,2024-11-02
R0891,O28660,does_not_match_description,2024-04-03
R0892,O28662,size,2024-06-25
R0893,O28681,does_not_match_description,2024-07-15
R0894,O28768,size,2024-03-08
R0895,O28793,does_not_match_description,2024-02-29
R0896,O28806,size,2024-07-05
R0897,O28824,does_not_match_description,2024-04-01
R0898,O28830,size,2024-09-21
R0899,O28837,size,2024-02-10
R0900,O28872,size,2024-03-26
R0901,O28908,does_not_match_description,2024-09-13
R0902,O28922,does_not_match_description,2024-10-18
R0903,O28928,quality,2024-08-06
R0904,O28947,does_not_match_description,2024-06-03
R0905,O28948,quality,2024-08-20
R0906,O28959,size,2024-09-04
R0907,O28964,quality,2024-08-10
R0908,O28972,size,2024-11-04
R0909,O28977,does_not_match_description,2024-04-16
R0910,O28979,size,2024-04-11
R0911,O28982,size,2024-04-30
R0912,O28986,size,2024-04-17
R0913,O29039,does_not_match_description,2024-04-07
R0914,O29065,changed_mind,2024-07-24
R0915,O29069,size,2024-02-11
R0916,O29102,size,2024-08-27
R0917,O29128,size,2024-07-01
R0918,O29138,size,2024-05-06
R0919,O29174,size,2024-09-20
R0920,O29241,does_not_match_description,2024-03-04
R0921,O29244,quality,2024-02-20
R0922,O29247,size,2024-09-26
R0923,O29261,quality,2024-08-13
R0924,O29264,size,2024-05-05
R0925,O29266,size,2024-05-12
R0926,O29286,quality,2024-07-27
R0927,O29288,does_not_match_description,2024-10-02
R0928,O29308,quality,2024-01-16
R0929,O29324,size,2024-01-30
R0930,O29331,size,2024-02-19
R0931,O29346,quality,2024-10-12
R0932,O29347,size,2024-10-25
R0933,O29350,does_not_match_description,2024-07-05
R0934,O29357,size,2024-08-13
R0935,O29377,quality,2024-07-03
R0936,O29408,does_not_match_description,2024-08-14
R0937,O29446,size,2024-10-19
R0938,O29452,quality,2024-11-04
R0939,O29488,size,2024-10-07
R0940,O29493,size,2024-05-05
R0941,O29523,does_not_match_description,2024-06-05
R0942,O29544,size,2024-09-12
R0943,O29554,quality,2024-06-29
R0944,O29640,size,2024-09-26
R0945,O29649,size,2024-10-04
R0946,O29693,size,2024-07-26
R0947,O29698,quality,2024-10-13
R0948,O29727,size,2024-07-06
R0949,O29738,quality,2024-06-21
R0950,O29790,quality,2024-06-08
R0951,O29842,size,2024-04-04
R0952,O29860,does_not_match_description,2024-08-14
R0953,O29866,quality,2024-07-11
R0954,O29959,quality,2024-05-12
R0955,O29970,quality,2024-06-05
R0956,O30010,does_not_match_description,2024-10-06
R0957,O30026,size,2024-07-13
R0958,O30053,size,2024-05-21
R0959,O30055,size,2024-10-08
R0960,O30058,size,2024-07-14
R0961,O30089,size,2024-02-06
R0962,O30099,size,2024-06-15
R0963,O30114,size,2024-01-23
R0964,O30118,quality,2024-05-20
R0965,O30119,quality,2024-02-06
R0966,O30137,size,2024-07-28
R0967,O30155,size,2024-07-11
R0968,O30189,size,2024-05-28
R0969,O30202,size,2024-10-06
R0970,O30235,does_not_match_description,2024-08-12
R0971,O30243,does_not_match_description,2024-10-14
R0972,O30247,size,2024-02-19
R0973,O30250,size,2024-05-31
R0974,O30254,size,2024-05-14
R0975,O30292,quality,2024-01-07
R0976,O30305,size,2024-07-05
R0977,O30355,quality,2024-04-11
R0978,O30375,does_not_match_description,2024-03-29
R0979,O30405,size,2024-10-15
R0980,O30413,size,2024-04-17
R0981,O30424,size,2024-09-16
R0982,O30530,does_not_match_description,2024-07-20
R0983,O30538,does_not_match_description,2024-09-05
R0984,O30596,size,2024-04-06
R0985,O30675,quality,2024-06-13
R0986,O30688,size,2024-05-28
R0987,O30696,size,2024-05-30
R0988,O30704,size,2024-09-30
R0989,O30772,size,2024-05-06
R0990,O30798,does_not_match_description,2024-08-27
R0991,O30801,quality,2024-03-25
R0992,O30863,does_not_match_description,2024-04-22
R0993,O30897,size,2024-06-06
R0994,O30942,size,2024-07-20
R0995,O30949,size,2024-06-29
R0996,O30955,size,2024-08-13
R0997,O30957,size,2024-08-04
R0998,O31026,size,2024-01-06
R0999,O31029,quality,2024-07-16
R1000,O31050,does_not_match_description,2024-07-11
R1001,O31058,does_not_match_description,2024-10-17
R1002,O31086,quality,2024-03-08
R1003,O31095,size,2024-09-30
R1004,O31097,size,2024-07-31
R1005,O31108,quality,2024-03-03
R1006,O31111,quality,2024-10-31
R1007,O31138,quality,2024-09-18
R1008,O31182,size,2024-11-01
R1009,O31188,size,2024-09-07
R1010,O31189,size,2024-07-11
R1011,O31199,changed_mind,2024-04-26
R1012,O31201,size,2024-08-15
R1013,O31212,size,2024-01-15
R1014,O31220,size,2024-04-18
R1015,O31255,does_not_match_description,2024-09-13
R1016,O31256,size,2024-01-28
R1017,O31269,size,2024-04-14
R1018,O31273,quality,2024-10-11
R1019,O31294,size,2024-04-24
R1020,O31327,size,2024-05-08
R1021,O31335,size,2024-08-17
R1022,O31360,does_not_match_description,2024-06-06
R1023,O31388,size,2024-02-13
R1024,O31400,quality,2024-03-12
R1025,O31419,size,2024-08-09
R1026,O31455,size,2024-06-22
R1027,O31458,quality,2024-07-18
R1028,O31462,size,2024-09-09
R1029,O31496,does_not_match_description,2024-06-14
R1030,O31538,quality,2024-05-23
R1031,O31586,quality,2024-07-27
R1032,O31587,size,2024-04-03
R1033,O31595,quality,2024-02-07
R1034,O31610,quality,2024-09-02
R1035,O31613,quality,2024-02-13
R1036,O31656,quality,2024-05-13
R1037,O31664,changed_mind,2024-01-07
R1038,O31666,size,2024-10-16
R1039,O31675,quality,2024-03-22
R1040,O31690,quality,2024-08-09
R1041,O31707,size,2024-02-18
R1042,O31713,size,2024-06-29
R1043,O31722,size,2024-05-29
R1044,O31749,size,2024-01-27
R1045,O31771,size,2024-11-03
R1046,O31794,size,2024-03-31
R1047,O31796,size,2024-09-26
R1048,O31802,size,2024-04-10
R1049,O31808,size,2024-03-11
R1050,O31821,size,2024-10-10
R1051,O31836,size,2024-07-10
R1052,O31844,does_not_match_description,2024-04-24
R1053,O31905,size,2024-07-08
R1054,O31914,size,2024-04-04
R1055,O32029,size,2024-06-08
R1056,O32031,size,2024-01-25
R1057,O32069,size,2024-07-08
R1058,O32075,size,2024-06-13
R1059,O32099,changed_mind,2024-04-28
R1060,O32102,size,2024-09-29
R1061,O32176,changed_mind,2024-06-28
R1062,O32192,size,2024-09-10
R1063,O32201,size,2024-07-13
R1064,O32232,quality,2024-02-19
R1065,O32246,quality,2024-03-17
R1066,O32255,size,2024-05-06
R1067,O32259,quality,2024-05-24
R1068,O32271,quality,2024-07-12
R1069,O32274,size,2024-08-15
R1070,O32292,size,2024-06-12
R1071,O32303,quality,2024-08-11
R1072,O32335,quality,2024-10-07
R1073,O32344,size,2024-07-12
R1074,O32350,size,2024-08-07
R1075,O32426,size,2024-07-08
R1076,O32462,does_not_match_description,2024-02-10
R1077,O32474,size,2024-09-07
R1078,O32510,does_not_match_description,2024-04-20
R1079,O32615,size,2024-05-05
R1080,O32619,does_not_match_description,2024-06-30
R1081,O32668,size,2024-10-12
R1082,O32677,does_not_match_description,2024-04-17
R1083,O32718,quality,2024-03-21
R1084,O32728,quality,2024-09-15
R1085,O32743,size,2024-05-06
R1086,O32762,size,2024-06-04
R1087,O32765,quality,2024-10-06
R1088,O32789,quality,2024-08-16
R1089,O32790,does_not_match_description,2024-05-20
R1090,O32795,quality,2024-03-24
R1091,O32798,size,2024-04-25
R1092,O32840,size,2024-10-03
R1093,O32898,size,2024-08-14
R1094,O32921,size,2024-06-28
R1095,O32929,size,2024-04-17
R1096,O32952,size,2024-07-03
R1097,O32971,size,2024-03-03
R1098,O32981,size,2024-09-24
R1099,O32991,changed_mind,2024-01-25
R1100,O33019,size,2024-02-23
R1101,O33027,size,2024-07-04
R1102,O33060,size,2024-01-12
R1103,O33070,size,2024-10-21
R1104,O33084,size,2024-07-05
R1105,O33085,size,2024-07-03
R1106,O33094,size,2024-06-29
R1107,O33104,does_not_match_description,2024-02-17
R1108,O33140,size,2024-08-29
R1109,O33150,size,2024-08-05
R1110,O33187,does_not_match_description,2024-02-07
R1111,O33206,size,2024-05-21
R1112,O33235,size,2024-09-08
R1113,O33244,size,2024-07-22
R1114,O33252,size,2024-05-06
R1115,O33264,size,2024-07-04
R1116,O33273,size,2024-10-31
R1117,O33293,size,2024-08-07
R1118,O33310,size,2024-07-29
R1119,O33431,size,2024-02-18
R1120,O33445,quality,2024-03-18
R1121,O33480,size,2024-01-30
R1122,O33500,does_not_match_description,2024-05-20
R1123,O33513,size,2024-09-05
R1124,O33552,size,2024-03-15
R1125,O33567,quality,2024-06-25
R1126,O33591,size,2024-02-04
R1127,O33593,size,2024-06-02
R1128,O33609,changed_mind,2024-04-20
R1129,O33623,size,2024-08-07
R1130,O33693,size,2024-02-14
R1131,O33720,quality,2024-02-08
R1132,O33729,size,2024-05-25
R1133,O33754,size,2024-06-03
R1134,O33760,quality,2024-01-18
R1135,O33787,size,2024-09-21
R1136,O33800,size,2024-08-20
R1137,O33805,size,2024-07-21
R1138,O33809,quality,2024-07-10
R1139,O33816,size,2024-05-12
R1140,O33902,size,2024-07-04
R1141,O33915,size,2024-07-04
R1142,O33919,size,2024-01-30
R1143,O33922,changed_mind,2024-03-13
R1144,O33952,quality,2024-10-26
R1145,O33975,size,2024-03-07
R1146,O33996,size,2024-10-28
R1147,O33999,size,2024-04-01
R1148,O34018,size,2024-04-08
R1149,O34034,size,2024-07-31
R1150,O34095,quality,2024-09-24
R1151,O34107,size,2024-05-20
R1152,O34124,size,2024-01-20
R1153,O34165,quality,2024-09-15
R1154,O34173,size,2024-08-22
R1155,O34240,size,2024-02-12
R1156,O34245,quality,2024-08-11
R1157,O34304,size,2024-09-03
R1158,O34379,quality,2024-03-24
R1159,O34391,changed_mind,2024-05-23
R1160,O34398,does_not_match_description,2024-06-26
R1161,O34400,size,2024-08-25
R1162,O34471,quality,2024-07-19
R1163,O34472,changed_mind,2024-08-07
R1164,O34481,quality,2024-04-25
R1165,O34502,size,2024-03-10
R1166,O34526,size,2024-06-21
R1167,O34567,size,2024-09-04
R1168,O34582,does_not_match_description,2024-01-09
R1169,O34586,size,2024-04-24
R1170,O34588,size,2024-08-21
R1171,O34591,does_not_match_description,2024-10-12
R1172,O34608,size,2024-01-27
R1173,O34614,size,2024-08-12
R1174,O34630,quality,2024-07-16
R1175,O34702,size,2024-09-04
R1176,O34709,does_not_match_description,2024-09-06
R1177,O34741,size,2024-09-15
R1178,O34765,size,2024-07-24
R1179,O34771,does_not_match_description,2024-09-20
R1180,O34797,quality,2024-05-22
